First_name,Last_name,Address,City,County,State,Phone_1,Phone_2,Email,Invoice ID,Customer type,Product line,Rating
James,Butt,6649 N Blue Gum St,New Orleans,Orleans,LA,504-621-8927,504-845-1427,jbutt@gmail.com,750-67-8428,Member,Health and beauty,9.1
Josephine,Darakjy,4 B Blue Ridge Blvd,Brighton,Livingston,MI,810-292-9388,810-374-9840,josephine_darakjy@darakjy.org,226-31-3081,Normal,Electronic accessories,9.6
Art,Venere,8 W Cerritos Ave #54,Bridgeport,Gloucester,NJ,856-636-8749,856-264-4130,art@venere.org,631-41-3108,Normal,Home and lifestyle,7.4
Lenna,Paprocki,639 Main St,Anchorage,Anchorage,AK,907-385-4412,907-921-2010,lpaprocki@hotmail.com,123-19-1176,Member,Health and beauty,8.4
Donette,Foller,34 Center St,Hamilton,Butler,OH,513-570-1893,513-549-4561,donette.foller@cox.net,373-73-7910,Normal,Sports and travel,5.3
Simona,Morasca,3 Mcauley Dr,Ashland,Ashland,OH,419-503-2484,419-800-6759,simona@morasca.com,699-14-3026,Normal,Electronic accessories,4.1
Mitsue,Tollner,7 Eads St,Chicago,Cook,IL,773-573-6914,773-924-8565,mitsue_tollner@yahoo.com,355-53-5943,Member,Electronic accessories,5.8
Leota,Dilliard,7 W Jackson Blvd,San Jose,Santa Clara,CA,408-752-3500,408-813-1105,leota@hotmail.com,315-22-5665,Normal,Home and lifestyle,8
Sage,Wieser,5 Boston Ave #88,Sioux Falls,Minnehaha,SD,605-414-2147,605-794-4895,sage_wieser@cox.net,665-32-9167,Member,Health and beauty,7.2
Kris,Marrier,228 Runamuck Pl #2808,Baltimore,Baltimore City,MD,410-655-8723,410-804-4694,kris@gmail.com,692-92-5582,Member,Food and beverages,5.9
Minna,Amigon,2371 Jerrold Ave,Kulpsville,Montgomery,PA,215-874-1229,215-422-8694,minna_amigon@yahoo.com,351-62-0822,Member,Fashion accessories,4.5
Abel,Maclead,37275 St  Rt 17m M,Middle Island,Suffolk,NY,631-335-3414,631-677-3675,amaclead@gmail.com,529-56-3974,Member,Electronic accessories,6.8
Kiley,Caldarera,25 E 75th St #69,Los Angeles,Los Angeles,CA,310-498-5651,310-254-3084,kiley.caldarera@aol.com,365-64-0515,Normal,Electronic accessories,7.1
Graciela,Ruta,98 Connecticut Ave Nw,Chagrin Falls,Geauga,OH,440-780-8425,440-579-7763,gruta@cox.net,252-56-2699,Normal,Food and beverages,8.2
Cammy,Albares,56 E Morehead St,Laredo,Webb,TX,956-537-6195,956-841-7216,calbares@gmail.com,829-34-3910,Normal,Health and beauty,5.7
Mattie,Poquette,73 State Road 434 E,Phoenix,Maricopa,AZ,602-277-4385,602-953-6360,mattie@aol.com,299-46-1805,Member,Sports and travel,4.5
Meaghan,Garufi,69734 E Carrillo St,Mc Minnville,Warren,TN,931-313-9635,931-235-7959,meaghan@hotmail.com,656-95-9349,Member,Health and beauty,4.6
Gladys,Rim,322 New Horizon Blvd,Milwaukee,Milwaukee,WI,414-661-9598,414-377-2880,gladys.rim@rim.org,765-26-6951,Normal,Sports and travel,6.9
Yuki,Whobrey,1 State Route 27,Taylor,Wayne,MI,313-288-7937,313-341-4470,yuki_whobrey@aol.com,329-62-1586,Normal,Food and beverages,8.6
Fletcher,Flosi,394 Manchester Blvd,Rockford,Winnebago,IL,815-828-2147,815-426-5657,fletcher.flosi@yahoo.com,319-50-3348,Normal,Home and lifestyle,4.4
Bette,Nicka,6 S 33rd St,Aston,Delaware,PA,610-545-3615,610-492-4643,bette_nicka@cox.net,300-71-4605,Member,Electronic accessories,4.8
Veronika,Inouye,6 Greenleaf Ave,San Jose,Santa Clara,CA,408-540-1785,408-813-4592,vinouye@aol.com,371-85-5789,Normal,Health and beauty,5.1
Willard,Kolmetz,618 W Yakima Ave,Irving,Dallas,TX,972-303-9197,972-896-4882,willard@hotmail.com,273-16-6619,Normal,Home and lifestyle,4.4
Maryann,Royster,74 S Westgate St,Albany,Albany,NY,518-966-7987,518-448-8982,mroyster@royster.com,636-48-8204,Normal,Electronic accessories,9.9
Alisha,Slusarski,3273 State St,Middlesex,Middlesex,NJ,732-658-3154,732-635-3453,alisha@slusarski.com,549-59-1358,Member,Sports and travel,6
Allene,Iturbide,1 Central Ave,Stevens Point,Portage,WI,715-662-6764,715-530-9863,allene_iturbide@cox.net,227-03-5010,Member,Home and lifestyle,8.5
Chanel,Caudy,86 Nw 66th St #8673,Shawnee,Johnson,KS,913-388-2079,913-899-1103,chanel.caudy@caudy.org,649-29-6775,Normal,Fashion accessories,6.7
Ezekiel,Chui,2 Cedar Ave #84,Easton,Talbot,MD,410-669-1642,410-235-8738,ezekiel@chui.com,189-17-4241,Normal,Fashion accessories,7.7
Willow,Kusko,90991 Thorburn Ave,New York,New York,NY,212-582-4976,212-934-5167,wkusko@yahoo.com,145-94-9061,Normal,Food and beverages,9.6
Bernardo,Figeroa,386 9th Ave N,Conroe,Montgomery,TX,936-336-3951,936-597-3614,bfigeroa@aol.com,848-62-7243,Normal,Health and beauty,7.4
Ammie,Corrio,74874 Atlantic Ave,Columbus,Franklin,OH,614-801-9788,614-648-3265,ammie@corrio.com,871-79-8483,Normal,Fashion accessories,4.8
Francine,Vocelka,366 South Dr,Las Cruces,Dona Ana,NM,505-977-3911,505-335-5293,francine_vocelka@vocelka.com,149-71-6266,Member,Sports and travel,4.5
Ernie,Stenseth,45 E Liberty St,Ridgefield Park,Bergen,NJ,201-709-6245,201-387-9093,ernie_stenseth@aol.com,640-49-2076,Normal,Sports and travel,5.1
Albina,Glick,4 Ralph Ct,Dunellen,Middlesex,NJ,732-924-7882,732-782-6701,albina@glick.com,595-11-5460,Normal,Health and beauty,5.1
Alishia,Sergi,2742 Distribution Way,New York,New York,NY,212-860-1579,212-753-2740,asergi@gmail.com,183-56-6882,Member,Food and beverages,7.5
Solange,Shinko,426 Wolf St,Metairie,Jefferson,LA,504-979-9175,504-265-8174,solange@shinko.com,232-16-2483,Member,Sports and travel,6.8
Jose,Stockham,128 Bransten Rd,New York,New York,NY,212-675-8570,212-569-4233,jose@yahoo.com,129-29-8530,Member,Sports and travel,7
Rozella,Ostrosky,17 Morena Blvd,Camarillo,Ventura,CA,805-832-6163,805-609-1531,rozella.ostrosky@ostrosky.com,272-65-1806,Normal,Electronic accessories,4.7
Valentine,Gillian,775 W 17th St,San Antonio,Bexar,TX,210-812-9597,210-300-6244,valentine_gillian@gmail.com,333-73-7901,Normal,Health and beauty,7.6
Kati,Rulapaugh,6980 Dorsett Rd,Abilene,Dickinson,KS,785-463-7829,785-219-7724,kati.rulapaugh@hotmail.com,777-82-7220,Member,Home and lifestyle,7.7
Youlanda,Schemmer,2881 Lewis Rd,Prineville,Crook,OR,541-548-8197,541-993-2611,youlanda@aol.com,280-35-5823,Member,Home and lifestyle,7.9
Dyan,Oldroyd,7219 Woodfield Rd,Overland Park,Johnson,KS,913-413-4604,913-645-8918,doldroyd@aol.com,554-53-8700,Member,Home and lifestyle,6.3
Roxane,,1048 Main St,Fairbanks,Fairbanks North Star,AK,907-231-4722,907-335-6568,roxane@hotmail.com,354-25-5821,Member,Sports and travel,5.6
Lavera,Perin,678 3rd Ave,Miami,Miami-Dade,FL,305-606-7291,305-995-2078,lperin@perin.org,228-96-1411,Member,Food and beverages,7.6
Erick,Ferencz,20 S Babcock St,Fairbanks,Fairbanks North Star,AK,907-741-1044,907-227-6777,erick.ferencz@aol.com,617-15-4209,Member,Health and beauty,7.2
Fatima,Saylors,2 Lighthouse Ave,Hopkins,Hennepin,MN,952-768-2416,952-479-2375,fsaylors@saylors.org,132-32-9879,Member,Electronic accessories,9.5
Jina,Briddick,38938 Park Blvd,Boston,Suffolk,MA,617-399-5124,617-997-5771,jina_briddick@briddick.com,370-41-7321,Member,Health and beauty,8.4
Kanisha,Waycott,5 Tomahawk Dr,Los Angeles,Los Angeles,CA,323-453-2780,323-315-7314,kanisha_waycott@yahoo.com,727-46-3608,Member,Food and beverages,4.1
Emerson,Bowley,762 S Main St,Madison,Dane,WI,608-336-7444,608-658-7940,emerson.bowley@bowley.org,669-54-1719,Member,Electronic accessories,8.1
Blair,Malet,209 Decker Dr,Philadelphia,Philadelphia,PA,215-907-9111,215-794-4519,bmalet@yahoo.com,574-22-5561,Member,Fashion accessories,7.9
Brock,Bolognia,4486 W O St #1,New York,New York,NY,212-402-9216,212-617-5063,bbolognia@yahoo.com,326-78-5178,Member,Food and beverages,9.5
Lorrie,Nestle,39 S 7th St,Tullahoma,Coffee,TN,931-875-6644,931-303-6041,lnestle@hotmail.com,162-48-8011,Member,Food and beverages,8.5
Sabra,Uyetake,98839 Hawthorne Blvd #6101,Columbia,Richland,SC,803-925-5213,803-681-3678,sabra@uyetake.org,616-24-2851,Member,Fashion accessories,6.5
Marjory,Mastella,71 San Mateo Ave,Wayne,Delaware,PA,610-814-5533,610-379-7125,,778-71-5554,Member,Fashion accessories,6.1
Karl,Klonowski,76 Brooks St #9,Flemington,Hunterdon,NJ,908-877-6135,908-470-4661,karl_klonowski@yahoo.com,242-55-6721,Normal,Home and lifestyle,6.5
Tonette,Wenner,4545 Courthouse Rd,Westbury,Nassau,NY,516-968-6051,516-333-4861,twenner@aol.com,399-46-5918,Normal,Electronic accessories,8.2
Amber,Monarrez,14288 Foster Ave #4121,Jenkintown,Montgomery,PA,215-934-8655,215-329-6386,amber_monarrez@monarrez.org,106-35-6779,Member,Home and lifestyle,5.8
Shenika,Seewald,4 Otis St,Van Nuys,Los Angeles,CA,818-423-4007,818-749-8650,shenika@gmail.com,635-40-6220,Normal,Health and beauty,6.6
Delmy,Ahle,65895 S 16th St,Providence,Providence,RI,401-458-2547,401-559-8961,delmy.ahle@hotmail.com,817-48-8732,Member,Home and lifestyle,5.4
Deeanna,Juhas,14302 Pennsylvania Ave,Huntingdon Valley,Montgomery,PA,215-211-9589,215-417-9563,deeanna_juhas@gmail.com,120-06-4233,Normal,Electronic accessories,9.3
Blondell,Pugh,201 Hawk Ct,Providence,Providence,RI,401-960-8259,401-300-8122,bpugh@aol.com,285-68-5083,Member,Sports and travel,10
Jamal,Vanausdal,53075 Sw 152nd Ter #615,Monroe Township,Middlesex,NJ,732-234-1546,732-904-2931,jamal@vanausdal.org,803-83-5989,Normal,Home and lifestyle,7
Cecily,Hollack,59 N Groesbeck Hwy,Austin,Travis,TX,512-486-3817,512-861-3814,cecily@hollack.org,347-34-2234,Member,Sports and travel,10
Carmelina,Lindall,2664 Lewis Rd,Littleton,Douglas,CO,303-724-7371,303-874-5160,carmelina_lindall@lindall.com,199-75-8169,Member,Sports and travel,8.6
Maurine,Yglesias,59 Shady Ln #53,Milwaukee,Milwaukee,WI,414-748-1374,414-573-7719,maurine_yglesias@yglesias.com,853-23-2453,Member,Health and beauty,7.6
Tawna,Buvens,3305 Nabell Ave #679,New York,New York,NY,212-674-9610,212-462-9157,tawna@gmail.com,877-22-3308,Member,Health and beauty,5.8
Penney,Weight,18 Fountain St,Anchorage,Anchorage,AK,907-797-9628,907-873-2882,penney_weight@aol.com,838-78-4295,Normal,Health and beauty,6.7
Elly,Morocco,7 W 32nd St,Erie,Erie,PA,814-393-5571,814-420-3553,elly_morocco@gmail.com,109-28-2512,Member,Fashion accessories,9.9
Ilene,Eroman,2853 S Central Expy,Glen Burnie,Anne Arundel,MD,410-914-9018,410-937-4543,ilene.eroman@hotmail.com,232-11-3025,Normal,Sports and travel,6.4
Vallie,Mondella,74 W College St,Boise,Ada,ID,208-862-5339,208-737-8439,vmondella@mondella.com,382-03-4532,Member,Health and beauty,4.3
Kallie,Blackwood,701 S Harrison Rd,San Francisco,San Francisco,CA,415-315-2761,415-604-7609,kallie.blackwood@gmail.com,393-65-2792,Normal,Food and beverages,9.6
Johnetta,Abdallah,1088 Pinehurst St,Chapel Hill,Orange,NC,919-225-9345,919-715-3791,johnetta_abdallah@aol.com,796-12-2025,Normal,Fashion accessories,5.9
Bobbye,Rhym,30 W 80th St #1995,San Carlos,San Mateo,CA,650-528-5783,650-811-9032,brhym@rhym.com,510-95-6347,Member,Food and beverages,4
Micaela,Rhymes,20932 Hedley St,Concord,Contra Costa,CA,925-647-3298,925-522-7798,micaela_rhymes@gmail.com,841-35-6630,Normal,Electronic accessories,8.7
Tamar,Hoogland,2737 Pistorio Rd #9230,London,Madison,OH,740-343-8575,740-526-5410,tamar@hotmail.com,287-21-9091,Normal,Home and lifestyle,9.4
Moon,Parlato,74989 Brandon St,Wellsville,Allegany,NY,585-866-8313,585-498-4278,moon@yahoo.com,732-94-0499,Normal,Electronic accessories,5.4
Laurel,Reitler,6 Kains Ave,Baltimore,Baltimore City,MD,410-520-4832,410-957-6903,laurel_reitler@reitler.com,263-10-3913,Member,Fashion accessories,8.6
Delisa,Crupi,47565 W Grand Ave,Newark,Essex,NJ,973-354-2040,973-847-9611,delisa.crupi@crupi.com,381-20-0914,Member,Fashion accessories,5.7
Viva,Toelkes,4284 Dorigo Ln,Chicago,Cook,IL,773-446-5569,773-352-3437,viva.toelkes@gmail.com,829-49-1914,Member,Food and beverages,6.6
Elza,Lipke,6794 Lake Dr E,Newark,Essex,NJ,973-927-3447,973-796-3667,elza@yahoo.com,756-01-7507,Normal,Health and beauty,6
Devorah,,31 Douglas Blvd #950,Clovis,Curry,NM,505-975-8559,505-950-1763,devorah@hotmail.com,870-72-4431,Normal,Health and beauty,5.5
Timothy,Mulqueen,44 W 4th St,Staten Island,Richmond,NY,718-332-6527,718-654-7063,timothy_mulqueen@mulqueen.org,847-38-7188,Normal,Food and beverages,6.4
Arlette,Honeywell,11279 Loytan St,Jacksonville,Duval,FL,904-775-4480,904-514-9918,ahoneywell@honeywell.com,480-63-2856,Normal,Food and beverages,6.6
Dominque,Dickerson,69 Marquette Ave,Hayward,Alameda,CA,510-993-3758,510-901-7640,dominque.dickerson@dickerson.org,787-56-0757,Member,Food and beverages,8.3
Lettie,Isenhower,70 W Main St,Beachwood,Cuyahoga,OH,216-657-7668,216-733-8494,lettie_isenhower@yahoo.com,360-39-5055,Member,Sports and travel,6.6
Myra,Munns,461 Prospect Pl #316,Euless,Tarrant,TX,817-914-7518,817-451-3518,mmunns@cox.net,730-50-9884,Normal,Sports and travel,4
Stephaine,Barfield,47154 Whipple Ave Nw,Gardena,Los Angeles,CA,310-774-7643,310-968-1219,stephaine@barfield.com,362-58-8315,Normal,Fashion accessories,9.9
Lai,Gato,37 Alabama Ave,Evanston,Cook,IL,847-728-7286,847-957-4614,lai.gato@gato.org,633-44-8566,Member,Food and beverages,7.3
Stephen,Emigh,3777 E Richmond St #900,Akron,Summit,OH,330-537-5358,330-700-2312,stephen_emigh@hotmail.com,504-35-8843,Normal,Sports and travel,5.7
Tyra,Shields,3 Fort Worth Ave,Philadelphia,Philadelphia,PA,215-255-1641,215-228-8264,tshields@gmail.com,318-68-5053,Normal,Health and beauty,6.1
Tammara,Wardrip,4800 Black Horse Pike,Burlingame,San Mateo,CA,650-803-1936,650-216-5075,twardrip@cox.net,565-80-5980,Member,Home and lifestyle,7.1
Cory,Gibes,83649 W Belmont Ave,San Gabriel,Los Angeles,CA,626-572-1096,626-696-2777,cory.gibes@gmail.com,225-32-0908,Normal,Sports and travel,8.2
Danica,Bruschke,840 15th Ave,Waco,McLennan,TX,254-782-8569,254-205-1422,danica_bruschke@gmail.com,873-51-0671,Member,Sports and travel,5.1
Wilda,Giguere,1747 Calle Amanecer #2,Anchorage,Anchorage,AK,907-870-5536,907-914-9482,wilda@cox.net,152-08-9985,Member,Health and beauty,8.6
Elvera,Benimadho,99385 Charity St #840,San Jose,,CA,408-703-8505,408-440-8447,elvera.benimadho@cox.net,512-91-0811,Normal,Health and beauty,6.6
Carma,Vanheusen,68556 Central Hwy,San Leandro,Alameda,CA,510-503-7169,510-452-4835,carma@cox.net,594-34-4444,Normal,Electronic accessories,7.2
Malinda,Hochard,55 Riverside Ave,Indianapolis,Marion,IN,317-722-5066,317-472-2412,malinda.hochard@yahoo.com,766-85-7061,Normal,Health and beauty,5.1
Natalie,Fern,7140 University Ave,Rock Springs,Sweetwater,WY,307-704-8713,307-279-3793,natalie.fern@hotmail.com,871-39-9221,Normal,Electronic accessories,4.1
Lisha,Centini,64 5th Ave #1153,Mc Lean,Fairfax,VA,,703-475-7568,lisha@centini.org,865-92-6136,Normal,Food and beverages,9.3
Arlene,Klusman,3 Secor Rd,New Orleans,Orleans,LA,504-710-5840,504-946-1807,arlene_klusman@gmail.com,733-01-9107,Normal,Home and lifestyle,7.4
Alease,Buemi,4 Webbs Chapel Rd,Boulder,Boulder,CO,303-301-4946,303-521-9860,alease@buemi.com,163-56-7055,Member,Fashion accessories,4.1
Louisa,Cronauer,524 Louisiana Ave Nw,San Leandro,Alameda,CA,510-828-7047,510-472-7758,louisa@cronauer.com,189-98-2939,Normal,Fashion accessories,7.2
Angella,Cetta,185 Blackstone Bldge,Honolulu,Honolulu,HI,808-892-7943,808-475-2310,angella.cetta@hotmail.com,551-21-3069,Normal,Electronic accessories,4.9
Cyndy,Goldammer,170 Wyoming Ave,Burnsville,Dakota,MN,952-334-9408,952-938-9457,cgoldammer@cox.net,212-62-1842,Normal,Food and beverages,9.9
Rosio,Cork,4 10th St W,High Point,Guilford,NC,336-243-5659,336-497-4407,rosio.cork@gmail.com,716-39-1409,Normal,Health and beauty,8
Celeste,Korando,7 W Pinhook Rd,Lynbrook,Nassau,NY,516-509-2347,516-365-7266,ckorando@hotmail.com,704-48-3927,Member,Electronic accessories,7.3
Twana,Felger,1 Commerce Way,Portland,Washington,OR,503-939-3153,503-909-7167,twana.felger@felger.org,628-34-3388,Normal,Fashion accessories,7.9
Estrella,Samu,64 Lakeview Ave,Beloit,Rock,WI,608-976-7199,608-942-8836,estrella@aol.com,630-74-5166,Normal,Sports and travel,7.4
Donte,Kines,3 Aspen St,Worcester,Worcester,MA,508-429-8576,508-843-1426,dkines@hotmail.com,588-01-7461,Normal,Food and beverages,4.2
Tiffiny,Steffensmeier,32860 Sierra Rd,Miami,Miami-Dade,FL,305-385-9695,305-304-6573,tiffiny_steffensmeier@cox.net,861-77-0145,Member,Electronic accessories,9.2
Edna,Miceli,555 Main St,Erie,Erie,PA,814-460-2655,814-299-2877,emiceli@miceli.org,479-26-8945,Member,Sports and travel,4.6
Sue,Kownacki,2 Se 3rd Ave,Mesquite,Dallas,TX,972-666-3413,972-742-4000,sue@aol.com,210-67-5886,Member,Health and beauty,7.8
Jesusa,Shin,2239 Shawnee Mission Pky,Tullahoma,Coffee,TN,931-273-8709,931-739-1551,jshin@shin.com,227-78-1148,Normal,Fashion accessories,8.4
Rolland,Francescon,2726 Charcot Ave,Paterson,Passaic,NJ,973-649-2922,973-284-4048,rolland@cox.net,645-44-1170,Member,Home and lifestyle,4.3
Pamella,Schmierer,5161 Dorsett Rd,Homestead,Miami-Dade,FL,305-420-8970,305-575-8481,pamella.schmierer@schmierer.org,237-01-6122,Member,Home and lifestyle,9.5
Glory,Kulzer,55892 Jacksonville Rd,Owings Mills,Baltimore,MD,410-224-9462,410-916-8015,gkulzer@kulzer.org,225-98-1496,Normal,Fashion accessories,7.1
Shawna,Palaspas,5 N Cleveland Massillon Rd,Thousand Oaks,Ventura,CA,805-275-3566,805-638-6617,shawna_palaspas@palaspas.org,291-32-1427,Member,Fashion accessories,5.3
Brandon,Callaro,7 Benton Dr,Honolulu,Honolulu,HI,808-215-6832,808-240-5168,brandon_callaro@hotmail.com,659-65-8956,Member,Fashion accessories,5.2
Scarlet,Cartan,9390 S Howell Ave,Albany,Dougherty,GA,229-735-3378,229-365-9658,scarlet.cartan@yahoo.com,642-32-2990,Normal,Food and beverages,6
Oretha,Menter,8 County Center Dr #647,Boston,Suffolk,MA,617-418-5043,617-697-6024,oretha_menter@yahoo.com,378-24-2715,Normal,Home and lifestyle,4.1
Ty,Smith,4646 Kaahumanu St,Hackensack,Bergen,NJ,201-672-1553,201-995-3149,tsmith@aol.com,638-60-7125,Normal,Electronic accessories,5.2
Xuan,Rochin,2 Monroe St,San Mateo,San Mateo,CA,650-933-5072,650-247-2625,xuan@gmail.com,659-36-1684,Member,Sports and travel,6.5
Lindsey,Dilello,52777 Leaders Heights Rd,Ontario,San Bernardino,CA,909-639-9887,909-589-1693,lindsey.dilello@hotmail.com,219-22-9386,Member,Sports and travel,4.2
Devora,Perez,72868 Blackington Ave,Oakland,Alameda,CA,510-955-3016,510-755-9274,devora_perez@perez.org,336-78-2147,Member,Home and lifestyle,4.6
Herman,Demesa,9 Norristown Rd,Troy,Rensselaer,NY,518-497-2940,518-931-7852,hdemesa@cox.net,268-27-6179,Member,Fashion accessories,7.3
Rory,Papasergi,83 County Road 437 #8581,Clarks Summit,Lackawanna,PA,570-867-7489,570-469-8401,rpapasergi@cox.net,668-90-8900,Normal,Home and lifestyle,4.5
Talia,Riopelle,1 N Harlem Ave #9,Orange,Essex,NJ,973-245-2133,973-818-9788,talia_riopelle@aol.com,870-54-3162,Normal,Sports and travel,9
Van,Shire,90131 J St,Pittstown,Hunterdon,NJ,908-409-2890,908-448-1209,van.shire@shire.com,189-08-9157,Normal,Fashion accessories,5.9
Lucina,Lary,8597 W National Ave,Cocoa,Brevard,FL,321-749-4981,321-632-4668,lucina_lary@cox.net,663-86-9076,Member,Food and beverages,8.5
Bok,Isaacs,6 Gilson St,Bronx,Bronx,NY,718-809-3762,718-478-8568,bok.isaacs@aol.com,549-84-7482,Normal,Sports and travel,7.2
Rolande,Spickerman,65 W Maple Ave,Pearl City,Honolulu,HI,808-315-3077,808-526-5863,rolande.spickerman@spickerman.com,191-10-6171,Normal,Fashion accessories,7.5
Howard,Paulas,866 34th Ave,Denver,Denver,CO,303-623-4241,303-692-3118,hpaulas@gmail.com,802-70-5316,Member,Sports and travel,8.3
Kimbery,Madarang,798 Lund Farm Way,Rockaway,Morris,NJ,973-310-1634,973-225-6259,kimbery_madarang@cox.net,695-51-0018,Normal,Sports and travel,7.4
Thurman,Manno,9387 Charcot Ave,,Atlantic,NJ,609-524-3586,609-234-8376,thurman.manno@yahoo.com,590-83-4591,Member,Electronic accessories,8.8
Becky,Mirafuentes,30553 Washington Rd,Plainfield,Union,NJ,908-877-8409,908-426-8272,becky.mirafuentes@mirafuentes.com,483-71-1164,Normal,Health and beauty,5.3
Beatriz,Corrington,481 W Lemon St,Middleboro,Plymouth,MA,508-584-4279,508-315-3867,beatriz@yahoo.com,597-78-7908,Normal,Fashion accessories,6.2
Marti,Maybury,4 Warehouse Point Rd #7,Chicago,Cook,IL,773-775-4522,773-539-1058,marti.maybury@yahoo.com,700-81-1757,Normal,Electronic accessories,8.8
Nieves,Gotter,4940 Pulaski Park Dr,Portland,,OR,503-527-5274,503-455-3094,nieves_gotter@gmail.com,354-39-5160,Member,Home and lifestyle,9.8
Leatha,Hagele,627 Walford Ave,Dallas,Dallas,TX,214-339-1809,214-225-5850,lhagele@cox.net,241-72-9525,Normal,Sports and travel,8.2
Valentin,Klimek,137 Pioneer Way,Chicago,Cook,IL,312-303-5453,312-512-2338,vklimek@klimek.org,575-30-8091,,Sports and travel,9.2
Melissa,Wiklund,61 13 Stoneridge #835,Findlay,Hancock,OH,419-939-3613,419-254-4591,melissa@cox.net,731-81-9469,Member,Sports and travel,5.4
Sheridan,Zane,2409 Alabama Rd,Riverside,Riverside,CA,951-645-3605,951-248-6822,sheridan.zane@zane.com,280-17-4359,Member,Health and beauty,8.1
Bulah,,8927 Vandever Ave,Waco,McLennan,TX,254-463-4368,254-816-8417,bulah_padilla@hotmail.com,338-65-2210,Member,Health and beauty,9.1
Audra,Kohnert,134 Lewis Rd,Nashville,Davidson,TN,615-406-7854,615-448-9249,audra@kohnert.com,488-25-4221,Member,Food and beverages,8.4
Daren,Weirather,9 N College Ave #3,Milwaukee,Milwaukee,WI,414-959-2540,414-838-3151,dweirather@aol.com,239-10-7476,Normal,Home and lifestyle,8
Fernanda,Jillson,60480 Old Us Highway 51,Preston,Caroline,MD,410-387-5260,410-724-6472,fjillson@aol.com,458-41-1477,Normal,Health and beauty,9.5
Gearldine,Gellinger,4 Bloomfield Ave,Irving,Dallas,TX,972-934-6914,972-821-7118,gearldine_gellinger@gellinger.com,685-64-1609,Member,Fashion accessories,9.2
Chau,Kitzman,429 Tiger Ln,Beverly Hills,Los Angeles,CA,310-560-8022,310-969-7230,chau@gmail.com,568-90-5112,Normal,Health and beauty,5.6
Theola,Frey,54169 N Main St,Massapequa,Nassau,NY,516-948-5768,516-357-3362,theola_frey@frey.com,262-47-2794,Member,Home and lifestyle,6.2
Cheryl,Haroldson,92 Main St,Atlantic City,Atlantic,NJ,609-518-7697,609-263-9243,cheryl@haroldson.org,238-49-0436,Normal,Health and beauty,4.9
Laticia,Merced,72 Mannix Dr,Cincinnati,Hamilton,OH,513-508-7371,513-418-1566,lmerced@gmail.com,608-96-3517,Member,Fashion accessories,4.8
Carissa,Batman,12270 Caton Center Dr,Eugene,Lane,OR,541-326-4074,541-801-5717,carissa.batman@yahoo.com,584-86-7256,Member,Sports and travel,7.3
Lezlie,Craghead,749 W 18th St #45,Smithfield,Johnston,NC,919-533-3762,919-885-2453,lezlie.craghead@craghead.org,746-94-0204,,,7.4
Ozell,Shealy,8 Industry Ln,New York,New York,NY,212-332-8435,212-880-8865,oshealy@hotmail.com,214-17-6927,Normal,Food and beverages,9.9
Arminda,Parvis,1 Huntwood Ave,Phoenix,Maricopa,AZ,602-906-9419,602-277-3025,arminda@parvis.com,400-89-4171,Normal,Sports and travel,9.3
Reita,Leto,55262 N French Rd,Indianapolis,Marion,IN,317-234-1135,317-787-5514,reita.leto@gmail.com,782-95-9291,Member,Food and beverages,9
Yolando,Luczki,422 E 21st St,Syracuse,Onondaga,NY,315-304-4759,315-640-6357,yolando@cox.net,279-74-2924,Member,Electronic accessories,6.1
Lizette,Stem,501 N 19th Ave,Cherry Hill,Camden,NJ,856-487-5412,856-702-3676,lizette.stem@aol.com,307-85-2293,Normal,Home and lifestyle,9.7
Gregoria,Pawlowicz,455 N Main Ave,Garden City,Nassau,NY,516-212-1915,516-376-4230,gpawlowicz@yahoo.com,743-04-1105,Member,Health and beauty,6
Carin,Deleo,1844 Southern Blvd,Little Rock,Pulaski,AR,501-308-1040,501-409-6072,cdeleo@deleo.com,423-57-2993,Normal,,10
Chantell,Maynerich,2023 Greg St,Saint Paul,Ramsey,,651-591-2583,651-776-9688,chantell@yahoo.com,894-41-5205,Normal,Food and beverages,
Dierdre,Yum,63381 Jenks Ave,,Philadelphia,PA,215-325-3042,215-346-4666,dyum@yahoo.com,275-28-0149,Normal,Sports and travel,6
Larae,Gudroe,6651 Municipal Rd,Houma,Terrebonne,LA,985-890-7262,985-261-5783,larae_gudroe@gmail.com,101-17-6199,Normal,Food and beverages,7
Latrice,Tolfree,81 Norris Ave #525,Ronkonkoma,Suffolk,NY,631-957-7624,631-998-2102,latrice.tolfree@hotmail.com,423-80-0988,Normal,Sports and travel,6.5
Kerry,Theodorov,6916 W Main St,Sacramento,Sacramento,CA,916-591-3277,916-770-7448,kerry.theodorov@gmail.com,548-46-9322,Normal,Food and beverages,5.9
Dorthy,Hidvegi,9635 S Main St,Boise,Ada,ID,208-649-2373,208-690-3315,dhidvegi@yahoo.com,505-02-0892,Member,Health and beauty,5.6
Fannie,Lungren,17 Us Highway 111,Round Rock,Williamson,TX,512-587-5746,512-528-9933,fannie.lungren@yahoo.com,234-65-2137,Normal,Home and lifestyle,4.8
Evangelina,Radde,,Philadelphia,Philadelphia,PA,215-964-3284,215-417-5612,evangelina@aol.com,687-47-8271,Normal,Fashion accessories,8.7
Novella,Degroot,303 N Radcliffe St,Hilo,Hawaii,HI,808-477-4775,808-746-1865,novella_degroot@degroot.org,796-32-9050,Normal,Food and beverages,6.5
Clay,Hoa,73 Saint Ann St #86,Reno,Washoe,NV,775-501-8109,775-848-9135,choa@hoa.org,105-31-1824,Member,Sports and travel,8.5
Jennifer,Fallick,44 58th St,Wheeling,Cook,IL,847-979-9545,847-800-3054,jfallick@yahoo.com,249-42-3782,Normal,Health and beauty,5.5
Irma,Wolfgramm,9745 W Main St,Randolph,Morris,NJ,973-545-7355,973-868-8660,irma.wolfgramm@hotmail.com,316-55-4634,Member,Food and beverages,9.4
Eun,Coody,84 Bloomfield Ave,Spartanburg,Spartanburg,SC,864-256-3620,864-594-4578,eun@yahoo.com,733-33-4967,Normal,Electronic accessories,6.3
Sylvia,Cousey,287 Youngstown Warren Rd,Hampstead,Carroll,MD,410-209-9545,410-863-8263,sylvia_cousey@cousey.org,608-27-6295,Member,Electronic accessories,9.8
Nana,Wrinkles,6 Van Buren St,Mount Vernon,Westchester,NY,914-855-2115,914-796-3775,nana@aol.com,414-12-7047,Normal,Food and beverages,8.7
Layla,Springe,229 N Forty Driv,New York,New York,NY,212-260-3151,212-253-7448,layla.springe@cox.net,827-26-2100,Member,Home and lifestyle,8.8
Joesph,Degonia,2887 Knowlton St #5435,Berkeley,Alameda,CA,510-677-9785,510-942-5916,joesph_degonia@degonia.org,175-54-2529,Member,Food and beverages,9.6
Annabelle,Boord,523 Marquette Ave,Concord,Middlesex,MA,978-697-6263,978-289-7717,annabelle.boord@cox.net,139-52-2867,Normal,Fashion accessories,4.8
Stephaine,Vinning,3717 Hamann Industrial Pky,San Francisco,San Francisco,CA,415-767-6596,415-712-9530,stephaine@cox.net,407-63-8975,Normal,Food and beverages,4.4
Nelida,Sawchuk,3 State Route 35 S,Paramus,Bergen,NJ,201-971-1638,201-247-8925,nelida@gmail.com,342-65-4817,Member,Health and beauty,9.9
Marguerita,Hiatt,82 N Highway 67,Oakley,Contra Costa,CA,925-634-7158,925-541-8521,marguerita.hiatt@gmail.com,130-98-8941,Normal,Fashion accessories,5.7
Carmela,Cookey,9 Murfreesboro Rd,Chicago,Cook,IL,773-494-4195,773-297-9391,ccookey@cookey.org,434-83-9547,Member,Food and beverages,7.7
Junita,Brideau,6 S Broadway St,Cedar Grove,Essex,NJ,973-943-3423,973-582-5469,jbrideau@aol.com,851-28-6367,Member,Sports and travel,8
Claribel,Varriano,,Perrysburg,Wood,OH,419-544-4900,419-573-2033,claribel_varriano@cox.net,824-88-3614,Normal,Health and beauty,5.7
Benton,Skursky,47939 Porter Ave,Gardena,,CA,310-579-2907,310-694-8466,benton.skursky@aol.com,586-25-0848,Normal,Sports and travel,6.7
Hillary,Skulski,9 Wales Rd Ne #914,Homosassa,Citrus,FL,352-242-2570,352-990-5946,hillary.skulski@aol.com,895-66-0685,Member,Food and beverages,8
Merilyn,Bayless,195 13n N,Santa Clara,Santa Clara,CA,408-758-5015,408-346-2180,merilyn_bayless@cox.net,305-14-0245,Member,Home and lifestyle,7.5
Teri,Ennaco,99 Tank Farm Rd,Hazleton,Luzerne,PA,570-889-5187,570-355-1665,tennaco@gmail.com,732-04-5373,Member,Home and lifestyle,7
Merlyn,Lawler,4671 Alemany Blvd,Jersey City,Hudson,NJ,201-588-7810,201-858-9960,merlyn_lawler@hotmail.com,400-60-7251,Normal,Home and lifestyle,9.9
Georgene,Montezuma,98 University Dr,San Ramon,Contra Costa,CA,925-615-5185,925-943-3449,gmontezuma@cox.net,593-65-1552,Normal,Home and lifestyle,5.9
Jettie,Mconnell,50 E Wacker Dr,Bridgewater,Somerset,NJ,908-802-3564,908-602-5258,jmconnell@hotmail.com,284-34-9626,Normal,Home and lifestyle,7.2
Lemuel,Latzke,70 Euclid Ave #722,Bohemia,Suffolk,NY,631-748-6479,631-291-4976,lemuel.latzke@gmail.com,437-58-8131,Normal,Fashion accessories,4.6
Melodie,Knipp,326 E Main St #6496,Thousand Oaks,Ventura,CA,805-690-1682,805-810-8964,mknipp@gmail.com,286-43-6208,Normal,Food and beverages,9.2
Candida,Corbley,406 Main St,Somerville,Somerset,NJ,908-275-8357,908-943-6103,candida_corbley@hotmail.com,641-43-2399,Normal,Home and lifestyle,5.7
Karan,Karpin,3 Elmwood Dr,Beaverton,Washington,OR,503-940-8327,503-707-5812,karan_karpin@gmail.com,831-07-6050,Normal,Electronic accessories,9.9
,Scheyer,9 Church St,Salem,Marion,OR,503-516-2189,503-950-3068,andra@gmail.com,556-86-3144,Member,Fashion accessories,5
Felicidad,Poullion,9939 N 14th St,Riverton,Burlington,NJ,856-305-9731,856-828-6021,fpoullion@poullion.com,848-24-9445,Member,Health and beauty,4.9
Belen,Strassner,5384 Southwyck Blvd,Douglasville,Douglas,GA,770-507-8791,770-802-4003,belen_strassner@aol.com,856-22-8149,Normal,Home and lifestyle,6.1
Gracia,Melnyk,97 Airport Loop Dr,Jacksonville,Duval,FL,904-235-3633,904-627-4341,gracia@melnyk.com,699-01-4164,Normal,Health and beauty,8.2
Jolanda,Hanafan,37855 Nolan Rd,Bangor,Penobscot,ME,207-458-9196,207-233-6185,jhanafan@gmail.com,420-11-4919,Member,Food and beverages,5.5
Barrett,Toyama,4252 N Washington Ave #9,Kennedale,Tarrant,TX,817-765-5781,817-577-6151,barrett.toyama@toyama.org,606-80-4905,Member,Sports and travel,6.8
Helga,Fredicks,42754 S Ash Ave,Buffalo,Erie,NY,716-752-4114,716-854-9845,helga_fredicks@yahoo.com,542-41-0513,Member,Electronic accessories,6.6
Ashlyn,Pinilla,703 Beville Rd,Opa Locka,Miami-Dade,FL,305-670-9628,305-857-5489,apinilla@cox.net,426-39-2418,Normal,Electronic accessories,9.8
Fausto,Agramonte,5 Harrison Rd,New York,New York,NY,212-313-1783,212-778-3063,fausto_agramonte@yahoo.com,875-46-5808,Member,Health and beauty,8.7
Ronny,Caiafa,73 Southern Blvd,Philadelphia,Philadelphia,PA,215-605-7570,215-511-3531,ronny.caiafa@caiafa.org,394-43-4238,Member,Home and lifestyle,5.4
Marge,Limmel,,Crestview,Okaloosa,FL,850-430-1663,850-330-8079,marge@gmail.com,749-24-1565,Normal,Health and beauty,7.9
Norah,Waymire,6 Middlegate Rd #106,San Francisco,San Francisco,CA,415-306-7897,415-874-2984,norah.waymire@gmail.com,672-51-8681,Member,Electronic accessories,9.7
Aliza,Baltimore,1128 Delaware St,San Jose,Santa Clara,CA,408-504-3552,408-425-1994,aliza@aol.com,263-87-5680,Member,Home and lifestyle,7.8
Mozell,Pelkowski,577 Parade St,South San Francisco,San Mateo,CA,650-947-1215,650-960-1069,mpelkowski@pelkowski.org,573-58-9734,Normal,Fashion accessories,5.1
Viola,Bitsuie,70 Mechanic St,Northridge,Los Angeles,CA,818-864-4875,818-481-5787,viola@gmail.com,817-69-8206,Normal,Electronic accessories,6.5
Franklyn,Emard,4379 Highway 116,Philadelphia,Philadelphia,PA,215-558-8189,215-483-3003,femard@emard.com,888-02-0338,Normal,Electronic accessories,5.9
Willodean,Konopacki,55 Hawthorne Blvd,Lafayette,Lafayette,LA,337-253-8384,337-774-7564,willodean_konopacki@konopacki.org,677-11-0152,Normal,Food and beverages,8.8
Beckie,Silvestrini,7116 Western Ave,Dearborn,Wayne,MI,313-533-4884,313-390-7855,beckie.silvestrini@silvestrini.com,142-63-6033,,,4.9
Rebecka,Gesick,2026 N Plankinton Ave #3,Austin,Travis,TX,512-213-8574,512-693-8345,rgesick@gesick.org,656-16-1063,Normal,Sports and travel,4.4
Frederica,Blunk,99586 Main St,Dallas,Dallas,TX,214-428-2285,214-529-1949,frederica_blunk@gmail.com,891-58-8335,Member,Sports and travel,6.5
Glen,Bartolet,8739 Hudson St,Vashon,King,WA,206-697-5796,206-389-1482,glen_bartolet@hotmail.com,802-43-8934,Normal,Home and lifestyle,8.3
,Gochal,383 Gunderman Rd #197,Coatesville,Chester,PA,610-476-3501,610-752-2683,freeman_gochal@aol.com,560-30-5617,Normal,Sports and travel,8.5
Vincent,Meinerding,4441 Point Term Mkt,Philadelphia,Philadelphia,PA,,215-829-4221,vincent.meinerding@hotmail.com,319-74-2561,Member,Electronic accessories,5.5
Rima,Bevelacqua,2972 Lafayette Ave,Gardena,Los Angeles,CA,310-858-5079,310-499-4200,rima@cox.net,549-03-9315,Normal,Fashion accessories,8.7
Glendora,Sarbacher,2140 Diamond Blvd,Rohnert Park,Sonoma,CA,707-653-8214,707-881-3154,gsarbacher@gmail.com,790-29-1172,Normal,Food and beverages,7.9
Avery,Steier,93 Redmond Rd #492,Orlando,Orange,FL,407-808-9439,407-945-8566,avery@cox.net,239-36-3640,Normal,Electronic accessories,6.1
Cristy,Lother,3989 Portage Tr,Escondido,San Diego,CA,760-971-4322,760-465-4762,cristy@lother.com,468-01-2051,Normal,Food and beverages,5.4
Nicolette,Brossart,1 Midway Rd,Westborough,Worcester,MA,508-837-9230,508-504-6388,nicolette_brossart@brossart.com,,Normal,Electronic accessories,9.4
Tracey,Modzelewski,77132 Coon Rapids Blvd Nw,Conroe,Montgomery,TX,936-264-9294,936-988-8171,tracey@hotmail.com,279-62-1445,Member,Fashion accessories,8.2
Virgina,Tegarden,755 Harbor Way,Milwaukee,Milwaukee,WI,414-214-8697,414-411-5744,virgina_tegarden@tegarden.com,213-72-6612,Normal,Food and beverages,6.2
Tiera,Frankel,87 Sierra Rd,El Monte,Los Angeles,CA,626-636-4117,626-638-4241,tfrankel@aol.com,746-68-6593,Member,Sports and travel,9.7
Alaine,Bergesen,,Yonkers,Westchester,NY,914-300-9193,914-654-1426,alaine_bergesen@cox.net,836-82-5858,Member,Health and beauty,4
Earleen,Mai,75684 S Withlapopka Dr #32,Dallas,Dallas,TX,214-289-1973,214-785-6750,earleen_mai@cox.net,583-72-1480,Member,Electronic accessories,9.7
Leonida,Gobern,5 Elmwood Park Blvd,Biloxi,Harrison,MS,228-235-5615,228-432-4635,leonida@gobern.org,466-61-5506,Member,Electronic accessories,5.3
Ressie,Auffrey,23 Palo Alto Sq,Miami,Miami-Dade,FL,305-604-8981,305-287-4743,ressie.auffrey@yahoo.com,721-86-6247,Normal,,7.4
Justine,Mugnolo,38062 E Main St,New York,New York,NY,212-304-9225,212-311-6377,jmugnolo@yahoo.com,289-65-5721,,Fashion accessories,6.5
Eladia,Saulter,3958 S Dupont Hwy #7,Ramsey,Bergen,NJ,201-474-4924,201-365-8698,eladia@saulter.com,545-46-3100,Member,Electronic accessories,8.7
Chaya,Malvin,560 Civic Center Dr,Ann Arbor,Washtenaw,MI,734-928-5182,734-408-8174,chaya@malvin.com,418-02-5978,Normal,Health and beauty,8
Gwenn,Suffield,3270 Dequindre Rd,,Suffolk,NY,631-258-6558,631-295-9879,,269-04-5750,Member,Fashion accessories,6.7
Salena,Karpel,1 Garfield Ave #7,Canton,Stark,OH,330-791-8557,330-618-2579,skarpel@cox.net,157-13-5295,Member,Health and beauty,6.5
Yoko,Fishburne,,New Haven,New Haven,CT,203-506-4706,203-840-8634,yoko@fishburne.com,645-78-8093,Normal,Sports and travel,4.1
Taryn,Moyd,48 Lenox St,Fairfax,Fairfax City,VA,703-322-4041,703-938-7939,taryn.moyd@hotmail.com,211-30-9270,Normal,Health and beauty,4.9
Katina,Polidori,5 Little River Tpke,Wilmington,Middlesex,MA,978-626-2978,978-679-7429,katina_polidori@aol.com,755-12-3214,Member,Fashion accessories,8.6
Rickie,Plumer,3 N Groesbeck Hwy,Toledo,Lucas,OH,419-693-1334,419-313-5571,rickie.plumer@aol.com,346-84-3103,Member,Electronic accessories,4.3
Alex,Loader,37 N Elm St #916,Tacoma,Pierce,WA,253-660-7821,253-875-9222,alex@loader.com,478-06-7835,Normal,Fashion accessories,4.9
Lashon,Vizarro,433 Westminster Blvd #590,,Placer,CA,916-741-7884,916-289-4526,lashon@aol.com,540-11-4336,Normal,Food and beverages,5.6
Lauran,Burnard,66697 Park Pl #3224,Riverton,Fremont,WY,307-342-7795,307-453-7589,lburnard@burnard.com,,Normal,Health and beauty,5.8
Ceola,Setter,96263 Greenwood Pl,Warren,Knox,ME,207-627-7565,207-297-5029,ceola.setter@setter.org,142-72-4741,Member,Fashion accessories,6
,Rantanen,8 Mcarthur Ln,Richboro,Bucks,PA,215-491-5633,215-647-2158,my@hotmail.com,217-58-1179,Member,Home and lifestyle,4.2
Lorrine,Worlds,8 Fair Lawn Ave,Tampa,Hillsborough,FL,813-769-2939,813-863-6467,lorrine.worlds@worlds.com,376-02-8238,Normal,Home and lifestyle,8.3
Peggie,Sturiale,9 N 14th St,El Cajon,San Diego,CA,619-608-1763,619-695-8086,peggie@cox.net,530-90-9855,Member,Home and lifestyle,5.7
Marvel,Raymo,9 Vanowen St,College Station,Brazos,TX,979-718-8968,979-809-5770,mraymo@yahoo.com,866-05-7563,Member,Electronic accessories,4.8
Daron,Dinos,18 Waterloo Geneva Rd,Highland Park,Lake,IL,847-233-3075,847-265-6609,daron_dinos@cox.net,604-70-6476,Member,Fashion accessories,6.8
An,Fritz,506 S Hacienda Dr,Atlantic City,Atlantic,NJ,609-228-5265,609-854-7156,an_fritz@hotmail.com,799-71-1548,Member,Electronic accessories,8.8
Portia,Stimmel,3732 Sherman Ave,Bridgewater,Somerset,NJ,908-722-7128,908-670-4712,portia.stimmel@aol.com,785-13-7708,Normal,Food and beverages,4.2
Rhea,Aredondo,25657 Live Oak St,Brooklyn,Kings,NY,718-560-9537,718-280-4183,rhea_aredondo@cox.net,845-51-0542,Member,Food and beverages,6.4
Benedict,Sama,4923 Carey Ave,Saint Louis,Saint Louis City,MO,314-787-1588,314-858-4832,bsama@cox.net,662-47-5456,Member,Fashion accessories,8.4
Alyce,Arias,3196 S Rider Trl,Stockton,San Joaquin,CA,209-317-1801,209-242-7022,alyce@arias.org,883-17-4236,Normal,Sports and travel,7.2
Heike,Berganza,3 Railway Ave #75,Little Falls,Passaic,NJ,973-936-5095,973-822-8827,heike@gmail.com,290-68-2984,Normal,Home and lifestyle,5.2
Carey,Dopico,87393 E Highland Rd,Indianapolis,Marion,IN,317-578-2453,317-441-5848,carey_dopico@dopico.org,704-11-6354,Member,Home and lifestyle,8.9
Dottie,Hellickson,67 E Chestnut Hill Rd,Seattle,King,WA,206-540-6076,206-295-5631,dottie@hellickson.org,110-48-7033,,,9
Deandrea,Hughey,33 Lewis Rd #46,Burlington,Alamance,NC,336-822-7652,336-467-3095,deandrea@yahoo.com,366-93-0948,Member,Electronic accessories,9.7
Kimberlie,Duenas,8100 Jacksonville Rd #7,Hays,Ellis,KS,785-629-8542,785-616-1685,kimberlie_duenas@yahoo.com,729-09-9681,Member,Home and lifestyle,8.7
Martina,Staback,7 W Wabansia Ave #227,Orlando,Orange,FL,407-471-6908,407-429-2145,martina_staback@staback.com,151-16-1484,Member,Electronic accessories,6.5
Skye,Fillingim,25 Minters Chapel Rd #9,Minneapolis,Hennepin,MN,612-508-2655,612-664-6304,skye_fillingim@yahoo.com,380-94-4661,Member,Electronic accessories,6.9
Jade,Farrar,6882 Torresdale Ave,Columbia,Richland,SC,803-352-5387,803-975-3405,jade.farrar@yahoo.com,850-41-9669,Normal,Electronic accessories,6.2
Charlene,Hamilton,985 E 6th Ave,Santa Rosa,Sonoma,CA,707-300-1771,707-821-8037,charlene.hamilton@hotmail.com,821-07-3596,Normal,Fashion accessories,5.6
Geoffrey,Acey,7 West Ave #1,Palatine,Cook,IL,847-222-1734,847-556-2909,geoffrey@gmail.com,655-85-5130,Member,Fashion accessories,5.7
Stevie,Westerbeck,26659 N 13th St,Costa Mesa,Orange,CA,949-867-4077,949-903-3898,stevie.westerbeck@yahoo.com,447-15-7839,Member,Sports and travel,4.2
Pamella,Fortino,669 Packerland Dr #1438,Denver,Denver,CO,303-404-2210,303-794-1341,pamella@fortino.com,154-74-7179,Normal,Sports and travel,7.9
Harrison,Haufler,759 Eldora St,New Haven,New Haven,CT,203-801-6193,203-801-8497,hhaufler@hotmail.com,253-12-6086,Member,Sports and travel,8.7
Johnna,Engelberg,5 S Colorado Blvd #449,Bothell,Snohomish,WA,425-986-7573,425-700-3751,jengelberg@engelberg.org,,Normal,Home and lifestyle,6.9
Buddy,Cloney,944 Gaither Dr,Strongsville,Cuyahoga,OH,440-989-5826,440-327-2093,buddy.cloney@yahoo.com,571-94-0759,Member,Food and beverages,9.5
Dalene,Riden,66552 Malone Rd,Plaistow,Rockingham,NH,603-315-6839,603-745-7497,dalene.riden@aol.com,144-51-6085,Member,Home and lifestyle,4.4
Jerry,Zurcher,77 Massillon Rd #822,Satellite Beach,Brevard,FL,321-518-5938,321-597-2159,jzurcher@zurcher.org,731-14-2199,Member,Home and lifestyle,7
Haydee,Denooyer,25346 New Rd,New York,New York,NY,212-792-8658,212-782-3493,hdenooyer@denooyer.org,783-09-1637,Normal,Sports and travel,6.3
Joseph,Cryer,60 Fillmore Ave,Huntington Beach,Orange,CA,714-584-2237,714-698-2170,joseph_cryer@cox.net,687-15-1097,Member,Health and beauty,9.7
Deonna,Kippley,57 Haven Ave #90,Southfield,Oakland,MI,248-913-4677,248-793-4966,deonna_kippley@hotmail.com,126-54-1082,Member,Home and lifestyle,8.8
Raymon,Calvaresi,6538 E Pomona St #60,Indianapolis,Marion,IN,317-825-4724,317-342-1532,raymon.calvaresi@gmail.com,633-91-1052,Normal,Home and lifestyle,5.1
Alecia,Bubash,6535 Joyce St,Wichita Falls,Wichita,TX,940-276-7922,940-302-3036,alecia@aol.com,477-24-6490,Normal,Health and beauty,7.9
Ma,Layous,78112 Morris Ave,North Haven,New Haven,CT,203-721-3388,203-564-1543,mlayous@hotmail.com,566-19-5475,Normal,Fashion accessories,6.2
Detra,Coyier,96950 Hidden Ln,Aberdeen,Harford,MD,410-739-9277,410-259-2118,,526-86-8552,Member,Home and lifestyle,7.1
Terrilyn,Rodeigues,3718 S Main St,New Orleans,Orleans,LA,504-463-4384,504-635-8518,terrilyn.rodeigues@cox.net,376-56-3573,Normal,Fashion accessories,6.4
Salome,Lacovara,9677 Commerce Dr,Richmond,Richmond City,VA,804-550-5097,804-858-1011,slacovara@gmail.com,537-72-0426,Member,Fashion accessories,5.7
Garry,Keetch,5 Green Pond Rd #4,Southampton,Bucks,PA,215-979-8776,215-846-9046,garry_keetch@hotmail.com,828-61-5674,,Sports and travel,9.6
Matthew,Neither,636 Commerce Dr #42,Shakopee,Scott,MN,952-651-7597,952-906-4597,mneither@yahoo.com,136-08-6195,Normal,Home and lifestyle,6.4
Theodora,Restrepo,42744 Hamann Industrial Pky #82,Miami,Miami-Dade,FL,305-936-8226,305-573-1085,theodora.restrepo@restrepo.com,523-38-0215,Normal,Home and lifestyle,7.9
Noah,Kalafatis,1950 5th Ave,Milwaukee,Milwaukee,WI,414-263-5287,414-660-9766,noah.kalafatis@aol.com,490-29-1201,Normal,Sports and travel,6.5
Carmen,Sweigard,61304 N French Rd,Somerset,Somerset,NJ,732-941-2621,732-445-6940,csweigard@sweigard.com,667-92-0055,Member,Health and beauty,8.5
Lavonda,Hengel,87 Imperial Ct #79,Fargo,Cass,ND,701-898-2154,701-421-7080,lavonda@cox.net,565-17-3836,Member,Health and beauty,9.1
Junita,Stoltzman,94 W Dodge Rd,Carson City,Carson City,NV,775-638-9963,775-578-1214,junita@aol.com,498-41-1961,Normal,Health and beauty,7.6
,Nicolozakes,4 58th St #3519,,Maricopa,AZ,602-954-5141,602-304-6433,herminia@nicolozakes.org,593-95-4461,Member,Home and lifestyle,6.9
Casie,Good,5221 Bear Valley Rd,Nashville,Davidson,TN,615-390-2251,615-825-4297,,226-71-3580,Normal,Sports and travel,9.5
Reena,Maisto,9648 S Main,Salisbury,Wicomico,MD,410-351-1863,410-951-2667,reena@hotmail.com,283-79-9594,Normal,Food and beverages,5.2
Mirta,Mallett,7 S San Marcos Rd,New York,New York,NY,212-870-1286,212-745-6948,mirta_mallett@gmail.com,430-60-3493,Member,Home and lifestyle,4.2
Cathrine,Pontoriero,812 S Haven St,Amarillo,Randall,TX,806-703-1435,806-558-5848,cathrine.pontoriero@pontoriero.com,139-20-0155,Member,Electronic accessories,7
Filiberto,Tawil,3882 W Congress St #799,Los Angeles,Los Angeles,CA,323-765-2528,323-842-8226,ftawil@hotmail.com,558-80-4082,Normal,Electronic accessories,6
Raul,Upthegrove,4 E Colonial Dr,La Mesa,San Diego,CA,619-509-5282,619-666-4765,rupthegrove@yahoo.com,278-97-7759,Member,Electronic accessories,4.7
Sarah,,45 2nd Ave #9759,Atlanta,Fulton,GA,770-732-1194,770-531-2842,sarah.candlish@gmail.com,,Member,Food and beverages,7.1
Lucy,Treston,57254 Brickell Ave #372,Worcester,Worcester,MA,508-769-5250,508-502-5634,lucy@cox.net,585-03-5943,Normal,Health and beauty,5.9
Judy,Aquas,8977 Connecticut Ave Nw #3,Niles,Berrien,MI,269-756-7222,269-431-9464,jaquas@aquas.com,211-05-0490,Member,Electronic accessories,7.5
Yvonne,Tjepkema,9 Waydell St,Fairfield,Essex,NJ,973-714-1721,973-976-8627,yvonne.tjepkema@hotmail.com,727-75-6477,Normal,,6.4
Kayleigh,Lace,43 Huey P Long Ave,Lafayette,Lafayette,LA,337-740-9323,337-751-2326,kayleigh.lace@yahoo.com,744-02-5987,Member,Home and lifestyle,5.8
Felix,Hirpara,7563 Cornwall Rd #4462,Denver,Lancaster,PA,717-491-5643,717-583-1497,felix_hirpara@cox.net,307-83-9164,Member,Home and lifestyle,4.5
Tresa,Sweely,22 Bridle Ln,Valley Park,Saint Louis,MO,,314-231-3514,tresa_sweely@hotmail.com,779-06-0012,Member,Home and lifestyle,7.7
Kristeen,Turinetti,70099 E North Ave,Arlington,Tarrant,TX,817-213-8851,817-947-9480,kristeen@gmail.com,446-47-6729,Normal,Fashion accessories,6.7
Jenelle,Regusters,3211 E Northeast Loop,Tampa,Hillsborough,FL,813-932-8715,813-357-7296,jregusters@regusters.com,573-10-3877,Member,Health and beauty,4.7
Renea,Monterrubio,26 Montgomery St,Atlanta,Fulton,GA,770-679-4752,770-930-9967,renea@hotmail.com,735-06-4124,Normal,Food and beverages,4.4
Olive,Matuszak,13252 Lighthouse Ave,Cathedral City,Riverside,CA,760-938-6069,760-745-2649,olive@aol.com,439-54-7422,Normal,Electronic accessories,4.7
Ligia,Reiber,206 Main St #2804,Lansing,Ingham,MI,517-906-1108,517-747-7664,lreiber@cox.net,396-90-2219,Normal,,8.6
Christiane,Eschberger,96541 W Central Blvd,Phoenix,Maricopa,AZ,602-390-4944,602-330-6894,christiane.eschberger@yahoo.com,411-77-0180,,Electronic accessories,4.3
Goldie,Schirpke,34 Saint George Ave #2,Bangor,Penobscot,ME,207-295-7569,207-748-3722,goldie.schirpke@yahoo.com,286-01-5402,Normal,Sports and travel,9.6
Loreta,Timenez,47857 Coney Island Ave,Clinton,Prince Georges,MD,301-696-6420,301-392-6698,loreta.timenez@hotmail.com,803-17-8013,Member,Home and lifestyle,4.1
Fabiola,Hauenstein,8573 Lincoln Blvd,York,York,PA,717-809-3119,717-344-2804,fabiola.hauenstein@hauenstein.org,512-98-1403,Member,Electronic accessories,4.7
Amie,Perigo,596 Santa Maria Ave #7913,Mesquite,Dallas,TX,972-419-7946,972-898-1033,amie.perigo@yahoo.com,848-42-2560,Normal,Fashion accessories,7.8
Raina,Brachle,3829 Ventura Blvd,Butte,Silver Bow,MT,406-318-1515,406-374-7752,raina.brachle@brachle.org,532-59-7201,Member,Sports and travel,5.5
Erinn,Canlas,13 S Hacienda Dr,Livingston,Essex,NJ,973-767-3008,973-563-9502,erinn.canlas@canlas.com,181-94-6432,Member,Fashion accessories,9.7
Cherry,Lietz,40 9th Ave Sw #91,Waterford,Oakland,MI,248-980-6904,248-697-7722,cherry@lietz.com,870-76-1733,Member,Food and beverages,4.4
Kattie,Vonasek,2845 Boulder Crescent St,Cleveland,Cuyahoga,OH,216-923-3715,216-270-9653,kattie@vonasek.org,423-64-4619,Member,Health and beauty,5
Lilli,Scriven,33 State St,Abilene,Taylor,TX,325-631-1560,325-667-7868,lilli@aol.com,227-07-4446,Member,Electronic accessories,4.4
Whitley,Tomasulo,2 S 15th St,Fort Worth,Tarrant,TX,817-526-4408,817-819-7799,whitley.tomasulo@aol.com,174-36-3675,Member,Food and beverages,5.2
Barbra,Adkin,4 Kohler Memorial Dr,Brooklyn,Kings,NY,718-201-3751,718-732-9475,badkin@hotmail.com,428-83-5800,Member,Food and beverages,7.3
Hermila,Thyberg,1 Rancho Del Mar Shopping C,Providence,Providence,RI,401-893-4882,401-885-7681,hermila_thyberg@hotmail.com,603-07-0961,Member,Electronic accessories,4.9
Jesusita,Flister,3943 N Highland Ave,Lancaster,Lancaster,PA,717-885-9118,717-686-7564,jesusita.flister@hotmail.com,704-20-4138,Member,Health and beauty,8.1
Caitlin,Julia,5 Williams St,Johnston,Providence,RI,,401-552-9059,caitlin.julia@julia.org,787-15-1757,Member,Health and beauty,8.4
Roosevelt,Hoffis,60 Old Dover Rd,Hialeah,Miami-Dade,FL,305-622-4739,305-302-1135,roosevelt.hoffis@aol.com,649-11-3678,Normal,Food and beverages,5.5
Helaine,Halter,8 Sheridan Rd,Jersey City,Hudson,NJ,201-832-4168,201-412-3040,hhalter@yahoo.com,622-20-1945,Normal,Health and beauty,
Lorean,Martabano,85092 Southern Blvd,San Antonio,Bexar,TX,210-856-4979,210-634-2447,lorean.martabano@hotmail.com,372-94-8041,Normal,Health and beauty,9.8
,Buzick,64 Newman Springs Rd E,Brooklyn,Kings,NY,718-478-8504,718-853-3740,france.buzick@yahoo.com,563-91-7120,Normal,Fashion accessories,6.7
Justine,Ferrario,48 Stratford Ave,Pomona,Los Angeles,CA,909-993-3242,909-631-5703,jferrario@hotmail.com,746-54-5508,Normal,Home and lifestyle,9.4
Adelina,Nabours,80 Pittsford Victor Rd #9,Cleveland,Cuyahoga,OH,216-230-4892,216-937-5320,adelina_nabours@gmail.com,276-54-0879,Normal,Sports and travel,6.4
Derick,Dhamer,87163 N Main Ave,New York,New York,NY,212-304-4515,212-225-9676,ddhamer@cox.net,815-11-1168,Member,Food and beverages,5.4
Jerry,Dallen,393 Lafayette Ave,Richmond,Richmond City,VA,804-762-9576,804-808-9574,jerry.dallen@yahoo.com,719-76-3868,Member,Food and beverages,8.6
Leota,Ragel,99 5th Ave #33,Trion,Chattooga,GA,706-221-4243,706-616-5131,leota.ragel@gmail.com,730-61-8757,Member,Health and beauty,4
Jutta,Amyot,49 N Mays St,Broussard,Lafayette,LA,337-515-1438,337-991-8070,jamyot@hotmail.com,340-66-0321,Member,Electronic accessories,7.6
Aja,Gehrett,993 Washington Ave,Nutley,Essex,NJ,973-544-2677,973-986-4456,aja_gehrett@hotmail.com,868-81-1752,Normal,Home and lifestyle,6.8
Kirk,Herritt,88 15th Ave Ne,Vestal,Broome,NY,607-407-3716,607-350-7690,kirk.herritt@aol.com,634-97-8956,Normal,Food and beverages,9.1
Leonora,Mauson,3381 E 40th Ave,Passaic,Passaic,NJ,973-412-2995,973-355-2120,leonora@yahoo.com,566-71-1091,Normal,Fashion accessories,5.5
Winfred,Brucato,201 Ridgewood Rd,Moscow,Latah,ID,208-252-4552,208-793-4108,winfred_brucato@hotmail.com,442-48-3607,Member,Food and beverages,7.9
Tarra,Nachor,39 Moccasin Dr,San Francisco,San Francisco,CA,415-411-1775,415-284-2730,tarra.nachor@cox.net,835-16-0096,Member,Sports and travel,8.5
Corinne,Loder,4 Carroll St,North Attleboro,Bristol,MA,508-942-4186,508-618-7826,corinne@loder.org,527-09-6272,Member,Electronic accessories,9.1
Dulce,Labreche,9581 E Arapahoe Rd,Rochester,Oakland,MI,248-357-8718,248-811-5696,dulce_labreche@yahoo.com,898-04-2717,Normal,Fashion accessories,7.5
Kate,Keneipp,33 N Michigan Ave,Green Bay,Brown,WI,920-353-6377,920-355-1610,kate_keneipp@yahoo.com,692-27-8933,Normal,Sports and travel,5.2
Kaitlyn,Ogg,2 S Biscayne Blvd,Baltimore,Baltimore City,MD,410-665-4903,410-773-3862,kaitlyn.ogg@gmail.com,633-09-3463,Normal,Electronic accessories,9.5
Sherita,Saras,8 Us Highway 22,Colorado Springs,El Paso,CO,719-669-1664,719-547-9543,sherita.saras@cox.net,374-17-3652,Member,Food and beverages,8.9
Lashawnda,Stuer,7422 Martin Ave #8,Toledo,Lucas,OH,419-588-8719,419-399-1744,lstuer@cox.net,378-07-7001,Member,Electronic accessories,7.8
Ernest,Syrop,94 Chase Rd,,Prince Georges,MD,301-998-9644,301-257-4883,ernest@cox.net,433-75-6987,Member,Health and beauty,8.9
Nobuko,Halsey,8139 I Hwy 10 #92,New Bedford,Bristol,MA,508-855-9887,508-897-7916,nobuko.halsey@yahoo.com,873-95-4984,Member,Health and beauty,7.7
,Wolny,5 Cabot Rd,Mc Lean,Fairfax,VA,703-483-1970,703-892-2914,lavonna.wolny@hotmail.com,416-13-5917,Normal,Food and beverages,9.3
Lashaunda,Lizama,3387 Ryan Dr,Hanover,Anne Arundel,MD,410-678-2473,410-912-6032,llizama@cox.net,150-89-8043,Normal,Sports and travel,6.2
Mariann,Bilden,3125 Packer Ave #9851,Austin,Travis,TX,512-223-4791,512-742-1149,mariann.bilden@aol.com,135-84-8019,Normal,Fashion accessories,7.6
Helene,Rodenberger,347 Chestnut St,Peoria,Maricopa,AZ,623-461-8551,623-426-4907,helene@aol.com,441-94-7118,Member,Electronic accessories,7.3
Roselle,Estell,8116 Mount Vernon Ave,Bucyrus,Crawford,OH,419-571-5920,419-488-6648,roselle.estell@hotmail.com,725-96-3778,Member,Home and lifestyle,4.7
Samira,Heintzman,8772 Old County Rd #5410,Kent,King,WA,206-311-4137,206-923-6042,sheintzman@hotmail.com,531-80-1784,Normal,Electronic accessories,5.1
Margart,Meisel,868 State St #38,Cincinnati,Hamilton,OH,,513-747-9603,margart_meisel@yahoo.com,400-45-1220,Normal,Health and beauty,4.8
Kristofer,Bennick,772 W River Dr,Bloomington,Monroe,,812-368-1511,812-442-8544,,860-79-0874,Member,Fashion accessories,6.6
Weldon,Acuff,73 W Barstow Ave,Arlington Heights,Cook,IL,847-353-2156,847-613-5866,wacuff@gmail.com,834-61-8124,Normal,Electronic accessories,5.5
Shalon,Shadrick,61047 Mayfield Ave,Brooklyn,Kings,NY,718-232-2337,718-394-4974,shalon@cox.net,115-99-4379,Member,Fashion accessories,8.5
Denise,Patak,2139 Santa Rosa Ave,Orlando,Orange,FL,407-446-4358,407-808-3254,denise@patak.org,565-67-6697,Member,Home and lifestyle,4.8
Louvenia,Beech,598 43rd St,Beverly Hills,Los Angeles,CA,310-820-2117,310-652-2379,louvenia.beech@beech.com,320-49-6392,Normal,Electronic accessories,8.4
Audry,Yaw,70295 Pioneer Ct,Brandon,Hillsborough,FL,813-797-4816,813-744-7100,audry.yaw@yaw.org,889-04-9723,Member,,7.8
Kristel,Ehmann,92899 Kalakaua Ave,El Paso,El Paso,TX,915-452-1290,915-300-6100,kristel.ehmann@aol.com,632-90-0281,Normal,Fashion accessories,9.3
Vincenza,Zepp,395 S 6th St #2,El Cajon,San Diego,CA,619-603-5125,,vzepp@gmail.com,554-42-2417,Normal,Sports and travel,5.2
Elouise,Gwalthney,9506 Edgemore Ave,Bladensburg,Prince Georges,MD,301-841-5012,301-591-3034,egwalthney@yahoo.com,453-63-6187,Normal,Electronic accessories,6.5
Venita,Maillard,72119 S Walker Ave #63,Anaheim,Orange,CA,714-523-6653,714-663-9740,venita_maillard@gmail.com,578-80-7669,Normal,Sports and travel,5.6
Kasandra,Semidey,369 Latham St #500,Saint Louis,Saint Louis City,MO,314-732-9131,314-697-3652,kasandra_semidey@semidey.com,612-36-5536,Member,Food and beverages,7.4
Xochitl,Discipio,3158 Runamuck Pl,Round Rock,Williamson,TX,512-233-1831,512-942-3411,xdiscipio@gmail.com,,Normal,Food and beverages,9.1
Maile,Linahan,9 Plainsboro Rd #598,Greensboro,Guilford,NC,336-670-2640,336-364-6037,mlinahan@yahoo.com,471-41-2823,Normal,Food and beverages,8
Krissy,Rauser,8728 S Broad St,Coram,Suffolk,NY,631-443-4710,631-288-2866,krauser@cox.net,462-67-9126,Normal,Home and lifestyle,7.2
Pete,Dubaldi,2215 Prosperity Dr,Lyndhurst,Bergen,NJ,201-825-2514,201-749-8866,pdubaldi@hotmail.com,272-27-9238,Normal,Food and beverages,7.1
Linn,Paa,1 S Pine St,Memphis,Shelby,TN,901-412-4381,901-573-9024,linn_paa@paa.com,834-25-9262,Normal,Fashion accessories,9.1
Paris,Wide,187 Market St,Atlanta,Fulton,GA,404-505-4445,404-607-8435,paris@hotmail.com,122-61-9553,Normal,Electronic accessories,5.6
Wynell,Dorshorst,94290 S Buchanan St,Pacifica,San Mateo,CA,650-473-1262,650-749-9879,wynell_dorshorst@dorshorst.org,468-88-0009,Member,Home and lifestyle,6
Quentin,Birkner,7061 N 2nd St,Burnsville,Dakota,MN,952-702-7993,952-314-5871,qbirkner@aol.com,613-59-9758,Normal,Sports and travel,5.4
Regenia,Kannady,10759 Main St,Scottsdale,Maricopa,AZ,480-726-1280,480-205-5121,regenia.kannady@cox.net,254-31-0042,Member,Electronic accessories,7.8
Sheron,Louissant,97 E 3rd St #9,Long Island City,Queens,NY,718-976-8610,718-613-9994,sheron@aol.com,201-86-2184,Member,Electronic accessories,9.9
Izetta,Funnell,82 Winsor St #54,Atlanta,Dekalb,GA,770-844-3447,770-584-4119,izetta.funnell@hotmail.com,261-12-8671,Normal,Fashion accessories,4.9
,Butzen,41 Steel Ct,Northfield,Rice,MN,507-210-3510,507-590-5237,rodolfo@hotmail.com,730-70-9830,Normal,Home and lifestyle,5.2
Zona,Colla,49440 Dearborn St,Norwalk,Fairfield,CT,203-461-1949,203-938-2557,zona@hotmail.com,382-25-8917,Normal,Fashion accessories,8.9
Serina,Zagen,7 S Beverly Dr,Fort Wayne,Allen,IN,260-273-3725,260-382-4869,szagen@aol.com,422-29-8786,Normal,Home and lifestyle,9.1
Paz,Sahagun,919 Wall Blvd,Meridian,Lauderdale,MS,601-927-8287,601-249-4511,paz_sahagun@cox.net,667-23-5919,Member,Fashion accessories,7
Markus,Lukasik,89 20th St E #779,Sterling Heights,Macomb,MI,586-970-7380,586-247-1614,markus@yahoo.com,843-01-4703,Member,Home and lifestyle,9.6
Jaclyn,Bachman,721 Interstate 45 S,Colorado Springs,El Paso,CO,719-853-3600,719-223-2074,jaclyn@aol.com,743-88-1662,Normal,Sports and travel,8.7
Cyril,Daufeldt,3 Lawton St,New York,New York,NY,212-745-8484,212-422-5427,cyril_daufeldt@daufeldt.com,595-86-2894,Member,Fashion accessories,9.4
Gayla,,38 Pleasant Hill Rd,Hayward,Alameda,CA,510-686-3407,510-441-4055,gschnitzler@gmail.com,182-69-8360,Normal,Electronic accessories,4
Erick,Nievas,45 E Acacia Ct,Chicago,Cook,,773-704-9903,,erick_nievas@aol.com,289-15-7034,Member,Sports and travel,7.5
Jennie,Drymon,63728 Poway Rd #1,Scranton,Lackawanna,PA,570-218-4831,570-868-8688,jennie@cox.net,462-78-5240,Normal,Electronic accessories,4.2
Mitsue,Scipione,77 222 Dr,Oroville,Butte,CA,530-986-9272,530-399-3254,mscipione@scipione.com,868-52-7573,Normal,Food and beverages,9.9
Ciara,Ventura,53 W Carey St,Port Jervis,Orange,NY,845-823-8877,845-694-7919,cventura@yahoo.com,153-58-4872,Member,Food and beverages,4.2
Galen,Cantres,617 Nw 36th Ave,Brook Park,Cuyahoga,OH,216-600-6111,216-871-6876,galen@yahoo.com,662-72-2873,Normal,Food and beverages,9.9
Truman,Feichtner,539 Coldwater Canyon Ave,Bloomfield,Essex,NJ,973-852-2736,973-473-5108,tfeichtner@yahoo.com,525-88-7307,Member,Sports and travel,5.8
Gail,Kitty,,Anchorage,Anchorage,AK,,907-770-3542,gail@kitty.com,689-16-9784,Normal,Food and beverages,6
Dalene,Schoeneck,910 Rahway Ave,Philadelphia,Philadelphia,PA,215-268-1275,215-380-8820,dalene@schoeneck.org,725-56-0833,Normal,Health and beauty,10
Gertude,Witten,7 Tarrytown Rd,Cincinnati,Hamilton,OH,513-977-7043,513-863-9471,gertude.witten@gmail.com,394-41-0748,Member,Fashion accessories,9.5
Lizbeth,Kohl,35433 Blake St #588,Gardena,Los Angeles,CA,310-699-1222,310-955-5788,lizbeth@yahoo.com,596-42-3999,Normal,Food and beverages,6.6
Glenn,Berray,29 Cherry St #7073,Des Moines,Polk,IA,515-370-7348,515-372-1738,gberray@gmail.com,541-89-9860,Member,Fashion accessories,8.1
Lashandra,Klang,810 N La Brea Ave,King of Prussia,Montgomery,PA,610-809-1818,610-378-7332,lashandra@yahoo.com,173-82-9529,Normal,Fashion accessories,9.7
Lenna,Newville,987 Main St,Raleigh,Wake,NC,919-623-2524,919-254-5987,lnewville@newville.com,563-36-9814,Member,Electronic accessories,7.2
Laurel,Pagliuca,36 Enterprise St Se,Richland,Benton,WA,509-695-5199,509-595-6485,laurel@yahoo.com,308-47-4913,Member,Sports and travel,6.2
Mireya,Frerking,8429 Miller Rd,Pelham,Westchester,NY,914-868-5965,914-883-3061,mireya.frerking@hotmail.com,885-17-6250,Normal,Health and beauty,7.3
Annelle,Tagala,5 W 7th St,Parkville,Baltimore,MD,410-757-1035,410-234-2267,annelle@yahoo.com,726-27-2396,Normal,Health and beauty,4.3
Dean,Ketelsen,2 Flynn Rd,Hicksville,Nassau,NY,516-847-4418,516-732-6649,dean_ketelsen@gmail.com,316-01-3952,Normal,Food and beverages,4.6
Levi,Munis,2094 Ne 36th Ave,Worcester,Worcester,MA,508-456-4907,508-658-7802,levi.munis@gmail.com,760-54-1821,Normal,Home and lifestyle,5.8
Sylvie,Ryser,649 Tulane Ave,Tulsa,Tulsa,OK,918-644-9555,918-565-1706,sylvie@aol.com,793-10-3222,Member,Health and beauty,8.3
Sharee,Maile,2094 Montour Blvd,Muskegon,Muskegon,MI,231-467-9978,231-265-6940,sharee_maile@aol.com,346-12-3257,Member,Electronic accessories,8
Cordelia,Storment,,Lafayette,Lafayette,LA,337-566-6001,337-255-3427,cordelia_storment@aol.com,110-05-6330,Normal,Food and beverages,9.4
Mollie,Mcdoniel,8590 Lake Lizzie Dr,Bowling Green,Wood,OH,419-975-3182,419-417-4674,mollie_mcdoniel@yahoo.com,651-61-0874,Normal,Home and lifestyle,6.2
Brett,Mccullan,87895 Concord Rd,La Mesa,San Diego,CA,619-461-9984,619-727-3892,brett.mccullan@mccullan.com,236-86-3015,Member,Home and lifestyle,9.8
Teddy,Pedrozo,46314 Route 130,Bridgeport,Fairfield,,203-892-3863,203-918-3939,teddy_pedrozo@aol.com,831-64-0259,Normal,Fashion accessories,9.6
Tasia,Andreason,4 Cowesett Ave,Kearny,Hudson,NJ,201-920-9002,201-969-7063,tasia_andreason@yahoo.com,587-03-7455,Member,Fashion accessories,4.9
Hubert,Walthall,95 Main Ave #2,Barberton,Summit,OH,330-903-1345,330-566-8898,hubert@walthall.org,882-40-4577,Member,Sports and travel,8
Arthur,Farrow,28 S 7th St #2824,Englewood,Bergen,NJ,201-238-5688,201-772-4377,arthur.farrow@yahoo.com,732-67-5346,Normal,Food and beverages,7.8
Vilma,Berlanga,79 S Howell Ave,Grand Rapids,Kent,MI,616-737-3085,616-568-4113,vberlanga@berlanga.com,725-32-9708,Member,Fashion accessories,4.1
Billye,Miro,36 Lancaster Dr Se,Pearl,Rankin,MS,601-567-5386,601-637-5479,billye_miro@cox.net,256-08-8343,Normal,Home and lifestyle,5.5
Glenna,Slayton,2759 Livingston Ave,Memphis,Shelby,TN,901-640-9178,901-869-4314,glenna_slayton@cox.net,372-26-1506,Normal,Fashion accessories,5.4
Mitzie,Hudnall,17 Jersey Ave,Englewood,Arapahoe,CO,303-402-1940,303-997-7760,mitzie_hudnall@yahoo.com,244-08-0162,Normal,Health and beauty,5.1
Bernardine,Rodefer,2 W Grand Ave,Memphis,Shelby,TN,901-901-4726,901-739-5892,bernardine_rodefer@yahoo.com,569-71-4390,Normal,Sports and travel,6.9
Staci,Schmaltz,18 Coronado Ave #563,Pasadena,Los Angeles,CA,626-866-2339,626-293-7678,staci_schmaltz@aol.com,132-23-6451,Member,Health and beauty,7.8
Nichelle,Meteer,72 Beechwood Ter,Chicago,Cook,IL,773-225-9985,773-857-2231,nichelle_meteer@meteer.com,696-90-2548,Normal,Sports and travel,6.6
Janine,Rhoden,92 Broadway,Astoria,Queens,,718-228-5894,718-728-5051,jrhoden@yahoo.com,472-15-9636,Normal,Home and lifestyle,9.2
Ettie,Hoopengardner,39 Franklin Ave,Richland,Benton,WA,509-755-5393,509-847-3352,ettie.hoopengardner@hotmail.com,268-03-6164,Normal,Health and beauty,7.8
Eden,Jayson,4 Iwaena St,Baltimore,Baltimore City,MD,410-890-7866,410-429-4888,eden_jayson@yahoo.com,750-57-9686,Normal,Home and lifestyle,8.7
Lynelle,Auber,,Newark,Essex,NJ,973-860-8610,973-605-6492,lynelle_auber@gmail.com,186-09-3669,Member,Health and beauty,9.2
Merissa,Tomblin,34 Raritan Center Pky,Bellflower,Los Angeles,CA,562-579-6900,562-719-7922,merissa.tomblin@gmail.com,848-07-1692,Normal,Health and beauty,8.3
Golda,Kaniecki,6201 S Nevada Ave,Toms River,Ocean,NJ,732-628-9909,732-617-5310,golda_kaniecki@yahoo.com,745-71-3520,Member,Electronic accessories,8.2
Catarina,Gleich,78 Maryland Dr #146,Denville,Morris,NJ,973-210-3994,973-491-8723,catarina_gleich@hotmail.com,266-76-6436,Member,Food and beverages,7.5
Virgie,Kiel,76598 Rd  I 95 #1,Denver,Denver,CO,303-776-7548,303-845-5408,vkiel@hotmail.com,740-22-2500,Normal,Electronic accessories,9.8
Jolene,Ostolaza,1610 14th St Nw,Newport News,Newport News City,VA,757-682-7116,757-940-1741,jolene@yahoo.com,271-88-8734,Member,Fashion accessories,8.7
Keneth,Borgman,86350 Roszel Rd,Phoenix,Maricopa,AZ,602-919-4211,602-442-3092,keneth@yahoo.com,301-81-8610,Member,Fashion accessories,6.7
Rikki,Nayar,1644 Clove Rd,Miami,Miami-Dade,FL,305-968-9487,305-978-2069,rikki@nayar.com,489-64-4354,Normal,Fashion accessories,5
Elke,Sengbusch,9 W Central Ave,Phoenix,Maricopa,AZ,602-896-2993,602-575-3457,elke_sengbusch@yahoo.com,198-84-7132,Member,Fashion accessories,7
Hoa,Sarao,27846 Lafayette Ave,Oak Hill,Volusia,FL,386-526-7800,386-599-7296,hoa@sarao.org,269-10-8440,Member,Health and beauty,8.9
Trinidad,Mcrae,10276 Brooks St,San Francisco,San Francisco,CA,415-331-9634,415-419-1597,trinidad_mcrae@yahoo.com,650-98-6268,Member,Food and beverages,8
Mari,Lueckenbach,1 Century Park E,San Diego,San Diego,CA,858-793-9684,858-228-5683,mari_lueckenbach@yahoo.com,741-73-3559,Normal,Sports and travel,6.9
Selma,Husser,9 State Highway 57 #22,Jersey City,Hudson,NJ,201-991-8369,201-772-7699,selma.husser@cox.net,325-77-6186,Member,Home and lifestyle,7.3
Antione,Onofrio,4 S Washington Ave,San Bernardino,San Bernardino,CA,909-430-7765,909-665-3223,aonofrio@onofrio.com,286-75-7818,Normal,Fashion accessories,6.9
Luisa,Jurney,25 Se 176th Pl,Cambridge,Middlesex,MA,617-365-2134,617-544-2541,ljurney@hotmail.com,574-57-9721,Normal,Food and beverages,5.7
Clorinda,Heimann,105 Richmond Valley Rd,Escondido,San Diego,CA,760-291-5497,760-261-4786,clorinda.heimann@hotmail.com,459-50-7686,Normal,Electronic accessories,6.4
Dick,Wenzinger,22 Spruce St #595,Gardena,Los Angeles,CA,310-510-9713,310-936-2258,dick@yahoo.com,616-87-0016,Normal,Fashion accessories,9.6
Ahmed,Angalich,2 W Beverly Blvd,Harrisburg,Dauphin,PA,717-528-8996,717-632-5831,ahmed.angalich@angalich.com,837-55-7229,Normal,Fashion accessories,6.8
Iluminada,Ohms,72 Southern Blvd,Mesa,Maricopa,AZ,480-293-2882,480-866-6544,iluminada.ohms@yahoo.com,751-69-0068,Normal,Sports and travel,9
Joanna,Leinenbach,1 Washington St,Lake Worth,Palm Beach,FL,561-470-4574,561-951-9734,joanna_leinenbach@hotmail.com,257-73-1380,Member,Sports and travel,9.6
Caprice,Suell,90177 N 55th Ave,Nashville,Davidson,TN,615-246-1824,615-726-4537,caprice@aol.com,345-08-4992,Normal,Home and lifestyle,7.7
Stephane,Myricks,9 Tower Ave,Burlington,Boone,KY,859-717-7638,859-308-4286,stephane_myricks@cox.net,549-96-4200,Member,Food and beverages,7
Quentin,Swayze,278 Bayview Ave,Milan,Monroe,MI,734-561-6170,734-851-8571,quentin_swayze@yahoo.com,810-60-6344,Normal,Electronic accessories,6.5
Annmarie,Castros,80312 W 32nd St,Conroe,Montgomery,TX,936-751-7961,936-937-2334,annmarie_castros@gmail.com,450-28-2866,Member,Food and beverages,8.1
Shonda,Greenbush,82 Us Highway 46,Clifton,Passaic,NJ,973-482-2430,973-644-2974,shonda_greenbush@cox.net,394-30-3170,Member,Sports and travel,4.3
Cecil,Lapage,4 Stovall St #72,Union City,Hudson,NJ,201-693-3967,201-856-2720,clapage@lapage.com,138-17-5109,Member,Home and lifestyle,6.5
Jeanice,Claucherty,19 Amboy Ave,Miami,Miami-Dade,FL,305-988-4162,305-306-7834,jeanice.claucherty@yahoo.com,192-98-7397,Normal,Fashion accessories,9.5
Josphine,Villanueva,63 Smith Ln #8343,Moss,Clay,TN,931-553-9774,931-486-6946,josphine_villanueva@villanueva.com,301-11-9629,Normal,Sports and travel,9.7
Daniel,Perruzza,11360 S Halsted St,Santa Ana,Orange,CA,714-771-3880,714-531-1391,dperruzza@perruzza.com,390-80-5128,Member,Health and beauty,9.5
Cassi,Wildfong,26849 Jefferson Hwy,Rolling Meadows,Cook,IL,847-633-3216,847-755-9041,cassi.wildfong@aol.com,235-46-8343,Member,Food and beverages,8.9
Britt,Galam,2500 Pringle Rd Se #508,Hatfield,Montgomery,PA,215-888-3304,215-351-8523,britt@galam.org,453-12-7053,Normal,Fashion accessories,6.5
Adell,Lipkin,65 Mountain View Dr,Whippany,Morris,NJ,973-654-1561,,adell.lipkin@lipkin.com,296-11-7041,Member,Health and beauty,5.3
Jacqueline,Rowling,1 N San Saba,Erie,Erie,PA,814-865-8113,814-481-1700,jacqueline.rowling@yahoo.com,449-27-2918,Member,Sports and travel,9.6
Lonny,Weglarz,51120 State Route 18,Salt Lake City,Salt Lake,UT,801-293-9853,801-892-8781,lonny_weglarz@gmail.com,891-01-7034,Normal,Electronic accessories,6.7
Lonna,Diestel,1482 College Ave,Fayetteville,Cumberland,NC,910-922-3672,910-200-7912,lonna_diestel@gmail.com,744-09-5786,Normal,Electronic accessories,7.6
Cristal,Samara,4119 Metropolitan Dr,Los Angeles,Los Angeles,CA,213-975-8026,213-696-8004,cristal@cox.net,727-17-0390,Normal,Food and beverages,4.8
Kenneth,Grenet,2167 Sierra Rd,East Lansing,Ingham,MI,517-499-2322,517-867-8077,kenneth.grenet@grenet.org,568-88-3448,Normal,Health and beauty,5.5
Elli,Mclaird,6 Sunrise Ave,Utica,Oneida,NY,315-818-2638,315-474-5570,emclaird@mclaird.com,187-83-5490,Member,Electronic accessories,4.7
Alline,Jeanty,55713 Lake City Hwy,South Bend,St Joseph,IN,574-656-2800,574-405-1983,ajeanty@gmail.com,767-54-1907,Member,Fashion accessories,6.9
Sharika,Eanes,75698 N Fiesta Blvd,Orlando,Orange,FL,407-312-1691,407-472-1332,sharika.eanes@aol.com,710-46-4433,Member,Food and beverages,4.5
Nu,Mcnease,88 Sw 28th Ter,Harrison,Hudson,NJ,973-751-9003,973-903-4175,nu@gmail.com,533-33-5337,Normal,Electronic accessories,6.2
Daniela,Comnick,7 Flowers Rd #403,Trenton,Mercer,NJ,609-200-8577,609-398-2805,dcomnick@cox.net,325-90-8763,Member,Electronic accessories,7.6
Cecilia,Colaizzo,4 Nw 12th St #3849,Madison,Dane,WI,608-382-4541,608-302-3387,cecilia_colaizzo@colaizzo.com,729-46-7422,Normal,Food and beverages,7.9
Leslie,Threets,2 A Kelley Dr,Katonah,Westchester,NY,914-861-9748,914-396-2615,leslie@cox.net,639-76-1242,Normal,Food and beverages,4.5
Nan,Koppinger,88827 Frankford Ave,Greensboro,Guilford,NC,336-370-5333,336-564-1492,nan@koppinger.com,234-03-4040,Member,Food and beverages,8.7
Izetta,Dewar,2 W Scyene Rd #3,Baltimore,Baltimore City,MD,410-473-1708,410-522-7621,idewar@dewar.com,326-71-2155,Normal,Sports and travel,6.1
Tegan,Arceo,62260 Park Stre,Monroe Township,Middlesex,NJ,732-730-2692,732-705-6719,tegan.arceo@arceo.org,320-32-8842,Member,Food and beverages,6.4
Ruthann,Keener,3424 29th St Se,Kerrville,Kerr,TX,830-258-2769,830-919-5991,ruthann@hotmail.com,470-32-9057,Member,Food and beverages,9.1
Joni,Breland,35 E Main St #43,Elk Grove Village,Cook,IL,847-519-5906,847-740-5304,joni_breland@cox.net,878-30-2331,Member,Sports and travel,7.1
Vi,Rentfro,7163 W Clark Rd,Freehold,Monmouth,NJ,732-605-4781,732-724-7251,vrentfro@cox.net,440-59-5691,Member,Health and beauty,7.7
Colette,Kardas,21575 S Apple Creek Rd,Omaha,Douglas,NE,402-896-5943,402-707-1602,colette.kardas@yahoo.com,554-53-3790,Normal,Sports and travel,4.5
Malcolm,Tromblay,747 Leonis Blvd,Annandale,Fairfax,VA,703-221-5602,703-874-4248,malcolm_tromblay@cox.net,746-19-0921,Normal,Food and beverages,7.2
Ryan,Harnos,13 Gunnison St,Plano,Collin,TX,972-558-1665,972-961-4968,ryan@cox.net,233-34-0817,Member,Electronic accessories,8.4
Jess,Chaffins,18 3rd Ave,New York,New York,NY,212-510-4633,212-428-9538,jess.chaffins@chaffins.org,767-05-1286,Member,Home and lifestyle,5.4
Sharen,Bourbon,62 W Austin St,Syosset,Nassau,NY,516-816-1541,516-749-3188,sbourbon@yahoo.com,340-21-9136,Member,Sports and travel,9.7
Nickolas,Juvera,177 S Rider Trl #52,Crystal River,Citrus,FL,352-598-8301,352-947-6152,nickolas_juvera@cox.net,405-31-3305,Member,Fashion accessories,5.5
Gary,Nunlee,2 W Mount Royal Ave,Fortville,Hancock,IN,317-542-6023,,gary_nunlee@nunlee.org,731-59-7531,Member,Health and beauty,4.6
Diane,Devreese,1953 Telegraph Rd,Saint Joseph,Buchanan,MO,816-557-9673,816-329-5565,diane@cox.net,676-39-6028,Member,Electronic accessories,6.6
Roslyn,Chavous,63517 Dupont St,Jackson,Hinds,MS,601-234-9632,601-973-5754,roslyn.chavous@chavous.org,502-05-1910,Normal,Health and beauty,6.3
Glory,Schieler,5 E Truman Rd,Abilene,Taylor,TX,325-869-2649,325-740-3778,glory@yahoo.com,485-30-8700,Normal,Sports and travel,4.2
Rasheeda,Sayaphon,251 Park Ave #979,Saratoga,Santa Clara,CA,408-805-4309,408-997-7490,rasheeda@aol.com,598-47-9715,Normal,Electronic accessories,4.4
Alpha,Palaia,43496 Commercial Dr #29,Cherry Hill,Camden,NJ,856-312-2629,856-513-7024,alpha@yahoo.com,701-69-8742,Normal,Sports and travel,6.7
Refugia,Jacobos,2184 Worth St,Hayward,Alameda,CA,510-974-8671,510-509-3496,refugia.jacobos@jacobos.com,575-67-1508,Normal,Electronic accessories,6.7
Shawnda,Yori,50126 N Plankinton Ave,Longwood,Seminole,FL,407-538-5106,407-564-8113,shawnda.yori@yahoo.com,541-08-3113,Normal,Food and beverages,8.4
Mona,Delasancha,38773 Gravois Ave,Cheyenne,Laramie,WY,307-403-1488,307-816-7115,mdelasancha@hotmail.com,246-11-3901,Normal,Electronic accessories,6.2
Gilma,Liukko,16452 Greenwich St,Garden City,Nassau,NY,516-393-9967,516-407-9573,gilma_liukko@gmail.com,674-15-9296,Normal,Sports and travel,5
Janey,Gabisi,40 Cambridge Ave,Madison,Dane,WI,608-967-7194,608-586-6912,jgabisi@hotmail.com,305-18-3552,Member,Home and lifestyle,6
Lili,Paskin,20113 4th Ave E,Kearny,Hudson,NJ,201-431-2989,201-478-8540,lili.paskin@cox.net,493-65-6248,Member,Sports and travel,7
Loren,Asar,6 Ridgewood Center Dr,Old Forge,Lackawanna,PA,570-648-3035,,loren.asar@aol.com,438-01-4015,Member,Sports and travel,6.6
Dorothy,Chesterfield,469 Outwater Ln,San Diego,San Diego,CA,858-617-7834,858-732-1884,dorothy@cox.net,709-58-4068,Normal,Fashion accessories,7.3
Gail,Similton,62 Monroe St,Thousand Palms,Riverside,,760-616-5388,760-493-9208,gail_similton@similton.com,795-49-7276,Normal,Fashion accessories,8.3
Catalina,Tillotson,3338 A Lockport Pl #6,Margate City,Atlantic,NJ,609-373-3332,609-826-4990,catalina@hotmail.com,556-72-8512,Normal,Home and lifestyle,4.3
Lawrence,Lorens,9 Hwy,Providence,Providence,RI,401-465-6432,401-893-1820,lawrence.lorens@hotmail.com,627-95-3243,Member,Home and lifestyle,9.8
Carlee,Boulter,8284 Hart St,Abilene,Dickinson,KS,785-347-1805,785-253-7049,carlee.boulter@hotmail.com,686-41-0932,Normal,Fashion accessories,8.2
Thaddeus,Ankeny,5 Washington St #1,Roseville,Placer,CA,916-920-3571,916-459-2433,tankeny@ankeny.org,510-09-5628,Member,Fashion accessories,7.2
Jovita,Oles,8 S Haven St,Daytona Beach,Volusia,FL,386-248-4118,386-208-6976,joles@gmail.com,608-04-3797,Member,Health and beauty,8.7
Alesia,Hixenbaugh,9 Front St,Washington,District of Columbia,DC,202-646-7516,202-276-6826,alesia_hixenbaugh@hixenbaugh.org,148-82-2527,Member,Home and lifestyle,8.4
Lai,Harabedian,1933 Packer Ave #2,Novato,Marin,CA,415-423-3294,415-926-6089,lai@gmail.com,437-53-3084,Normal,Fashion accessories,7.1
Brittni,Gillaspie,67 Rv Cent,Boise,Ada,ID,208-709-1235,208-206-9848,bgillaspie@gillaspie.com,632-32-4574,Normal,Sports and travel,5.5
,Kampa,2 Sw Nyberg Rd,Elkhart,Elkhart,IN,574-499-1454,574-330-1884,rkampa@kampa.org,556-97-7101,Normal,Electronic accessories,8.5
Flo,Bookamer,89992 E 15th St,Alliance,Box Butte,NE,308-726-2182,308-250-6987,flo.bookamer@cox.net,862-59-8517,Normal,Food and beverages,6.2
Jani,Biddy,61556 W 20th Ave,Seattle,King,WA,,206-395-6284,jbiddy@yahoo.com,401-18-8016,Member,Sports and travel,8.9
Chauncey,Motley,63 E Aurora Dr,Orlando,Orange,FL,407-413-4842,407-557-8857,chauncey_motley@aol.com,608-012-3797,Member,Fashion accessories,8.5
